[{"fields": {"nombre": "Public Actions"}, "model": "general.areas_de_practica_en", "pk": 2}, {"fields": {"nombre": "Foreign trade and foreign exchange"}, "model": "general.areas_de_practica_en", "pk": 3}, {"fields": {"nombre": "Public Procurement"}, "model": "general.areas_de_practica_en", "pk": 4}, {"fields": {"nombre": "ProBono coordinator"}, "model": "general.areas_de_practica_en", "pk": 5}, {"fields": {"nombre": "Administrative Law"}, "model": "general.areas_de_practica_en", "pk": 6}, {"fields": {"nombre": "Business Law"}, "model": "general.areas_de_practica_en", "pk": 7}, {"fields": {"nombre": "Copyright Law"}, "model": "general.areas_de_practica_en", "pk": 8}, {"fields": {"nombre": "Competition Law"}, "model": "general.areas_de_practica_en", "pk": 9}, {"fields": {"nombre": "Consumer Law"}, "model": "general.areas_de_practica_en", "pk": 10}, {"fields": {"nombre": "Entertainment Law"}, "model": "general.areas_de_practica_en", "pk": 11}, {"fields": {"nombre": "Financial Law"}, "model": "general.areas_de_practica_en", "pk": 12}, {"fields": {"nombre": "Real Estate and Urban Law"}, "model": "general.areas_de_practica_en", "pk": 13}, {"fields": {"nombre": "International Law"}, "model": "general.areas_de_practica_en", "pk": 14}, {"fields": {"nombre": "Labor and Immigration Law"}, "model": "general.areas_de_practica_en", "pk": 15}, {"fields": {"nombre": "Mining and Energy Law"}, "model": "general.areas_de_practica_en", "pk": 16}, {"fields": {"nombre": "Economic Criminal Law"}, "model": "general.areas_de_practica_en", "pk": 17}, {"fields": {"nombre": "Health Law, Regulatory and Compliance Law"}, "model": "general.areas_de_practica_en", "pk": 18}, {"fields": {"nombre": "Corporate and Corporate Law"}, "model": "general.areas_de_practica_en", "pk": 19}, {"fields": {"nombre": "Business Proceedings"}, "model": "general.areas_de_practica_en", "pk": 20}, {"fields": {"nombre": "Administrative Proceedings"}, "model": "general.areas_de_practica_en", "pk": 21}, {"fields": {"nombre": "Tax Law"}, "model": "general.areas_de_practica_en", "pk": 22}, {"fields": {"nombre": "Mergers and Acquisitions"}, "model": "general.areas_de_practica_en", "pk": 23}, {"fields": {"nombre": "Innovation Management"}, "model": "general.areas_de_practica_en", "pk": 24}, {"fields": {"nombre": "Intellectual Property Management"}, "model": "general.areas_de_practica_en", "pk": 25}, {"fields": {"nombre": "Knowledge Management"}, "model": "general.areas_de_practica_en", "pk": 26}, {"fields": {"nombre": "Geographical Indications"}, "model": "general.areas_de_practica_en", "pk": 27}, {"fields": {"nombre": "International"}, "model": "general.areas_de_practica_en", "pk": 28}, {"fields": {"nombre": "Foreign investment"}, "model": "general.areas_de_practica_en", "pk": 29}, {"fields": {"nombre": "Litigation"}, "model": "general.areas_de_practica_en", "pk": 30}, {"fields": {"nombre": "Trademarks"}, "model": "general.areas_de_practica_en", "pk": 31}, {"fields": {"nombre": "Capital Market"}, "model": "general.areas_de_practica_en", "pk": 32}, {"fields": {"nombre": "Opposition and Defenses"}, "model": "general.areas_de_practica_en", "pk": 33}, {"fields": {"nombre": "Patents and New Creations"}, "model": "general.areas_de_practica_en", "pk": 34}, {"fields": {"nombre": "Processes at Jurisdictional and Administrative Authorities"}, "model": "general.areas_de_practica_en", "pk": 35}, {"fields": {"nombre": "Business Secrets"}, "model": "general.areas_de_practica_en", "pk": 36}, {"fields": {"nombre": "Alternative Dispute Resolution"}, "model": "general.areas_de_practica_en", "pk": 37}, {"fields": {"nombre": "Information Technology: Information Technology"}, "model": "general.areas_de_practica_en", "pk": 38}, {"fields": {"nombre": "Plant Varieties"}, "model": "general.areas_de_practica_en", "pk": 39}, {"fields": {"nombre": "Civil Proceedings"}, "model": "general.areas_de_practica_en", "pk": 40}, {"fields": {"nombre": "Extrajudicial Claims"}, "model": "general.areas_de_practica_en", "pk": 41}]