[{"fields": {"nombre": "Actions publiques"}, "model": "general.areas_de_practica_fr", "pk": 1}, {"fields": {"nombre": "Commerce ext\u00e9rieur et des changes internationaux"}, "model": "general.areas_de_practica_fr", "pk": 2}, {"fields": {"nombre": "Contrats publics"}, "model": "general.areas_de_practica_fr", "pk": 3}, {"fields": {"nombre": "Coordinateur ProBono"}, "model": "general.areas_de_practica_fr", "pk": 4}, {"fields": {"nombre": "Droit administratif"}, "model": "general.areas_de_practica_fr", "pk": 5}, {"fields": {"nombre": "Droit commercial"}, "model": "general.areas_de_practica_fr", "pk": 6}, {"fields": {"nombre": "Le droit d'auteur"}, "model": "general.areas_de_practica_fr", "pk": 7}, {"fields": {"nombre": "Droit de la concurrence"}, "model": "general.areas_de_practica_fr", "pk": 8}, {"fields": {"nombre": "Droit de la consommation"}, "model": "general.areas_de_practica_fr", "pk": 9}, {"fields": {"nombre": "Droit des loisirs"}, "model": "general.areas_de_practica_fr", "pk": 10}, {"fields": {"nombre": "Droit financier"}, "model": "general.areas_de_practica_fr", "pk": 11}, {"fields": {"nombre": "Droit immobilier, construction et urbanisme"}, "model": "general.areas_de_practica_fr", "pk": 12}, {"fields": {"nombre": "Droit international"}, "model": "general.areas_de_practica_fr", "pk": 13}, {"fields": {"nombre": "Droit du travail et droit de l\u2019immigration"}, "model": "general.areas_de_practica_fr", "pk": 14}, {"fields": {"nombre": "Droit des activit\u00e9s \u00e9nerg\u00e9tiques et mini\u00e8res"}, "model": "general.areas_de_practica_fr", "pk": 15}, {"fields": {"nombre": "Droit p\u00e9nal \u00e9conomique"}, "model": "general.areas_de_practica_fr", "pk": 16}, {"fields": {"nombre": "Droit sanitaire, r\u00e9glementaire et ex\u00e9cutoire"}, "model": "general.areas_de_practica_fr", "pk": 17}, {"fields": {"nombre": "Droit des soci\u00e9t\u00e9s et droit corporatif"}, "model": "general.areas_de_practica_fr", "pk": 18}, {"fields": {"nombre": "Proc\u00e9dure comerciales"}, "model": "general.areas_de_practica_fr", "pk": 19}, {"fields": {"nombre": "Proc\u00e9dures administratives"}, "model": "general.areas_de_practica_fr", "pk": 20}, {"fields": {"nombre": "Droit fiscal"}, "model": "general.areas_de_practica_fr", "pk": 21}, {"fields": {"nombre": "Fusions et acquisitions"}, "model": "general.areas_de_practica_fr", "pk": 22}, {"fields": {"nombre": "Gestion de l\u2019innovation"}, "model": "general.areas_de_practica_fr", "pk": 23}, {"fields": {"nombre": "Gestion de propri\u00e9t\u00e9 intellectuelle"}, "model": "general.areas_de_practica_fr", "pk": 24}, {"fields": {"nombre": "Gestion de la connaissance"}, "model": "general.areas_de_practica_fr", "pk": 25}, {"fields": {"nombre": "Indications g\u00e9ographiques"}, "model": "general.areas_de_practica_fr", "pk": 26}, {"fields": {"nombre": "Droit international"}, "model": "general.areas_de_practica_fr", "pk": 27}, {"fields": {"nombre": "Investissement \u00e9tranger"}, "model": "general.areas_de_practica_fr", "pk": 28}, {"fields": {"nombre": "Diff\u00e9rends"}, "model": "general.areas_de_practica_fr", "pk": 29}, {"fields": {"nombre": "Marques"}, "model": "general.areas_de_practica_fr", "pk": 30}, {"fields": {"nombre": "March\u00e9 des capitaux"}, "model": "general.areas_de_practica_fr", "pk": 31}, {"fields": {"nombre": "Oppositions et d\u00e9fenses"}, "model": "general.areas_de_practica_fr", "pk": 32}, {"fields": {"nombre": "Brevets d\u2019invention et nouvelles cr\u00e9ations"}, "model": "general.areas_de_practica_fr", "pk": 33}, {"fields": {"nombre": "Proc\u00e9dures devant les autorit\u00e9s juridictionnelles et administratives"}, "model": "general.areas_de_practica_fr", "pk": 34}, {"fields": {"nombre": "Secrets industriels"}, "model": "general.areas_de_practica_fr", "pk": 35}, {"fields": {"nombre": "R\u00e9solution alternative de diff\u00e9rends"}, "model": "general.areas_de_practica_fr", "pk": 36}, {"fields": {"nombre": "Technologies de l'information"}, "model": "general.areas_de_practica_fr", "pk": 37}, {"fields": {"nombre": "Vari\u00e9t\u00e9s v\u00e9g\u00e9tales"}, "model": "general.areas_de_practica_fr", "pk": 38}, {"fields": {"nombre": "Proc\u00e9dures civiles"}, "model": "general.areas_de_practica_fr", "pk": 39}, {"fields": {"nombre": "R\u00e9clamation extrajudiciaires"}, "model": "general.areas_de_practica_fr", "pk": 40}]