[{"fields":{"imagen_slide":"uploads/imagen-07.jpg","imagen_negocios":"uploads/img-08.jpg","premio_logo_tres":"uploads/premios-09_f6tyhXi.png","imagen_propiedad":"uploads/img-09.jpg","premio_logo_cuatro":"uploads/premios-10_2LHwyw8.png","fecha":"2015-10-27T15:45:43.369Z","premio_logo_cinco":"uploads/premios-11_smcRXB1.png","premio_logo_seis":"uploads/premios-12_8RtbdPT.png","iimagen_litigios":"uploads/img-07.jpg","premio_logo_uno":"uploads/premios-07_Bf9ulXQ.png","nombre":"Inicio","imagen_internacional":"uploads/img-10.jpg","imagen_articulos":"uploads/home2-06.jpg","premio_logo_dos":"uploads/premios-08_mVJsapM.png","imagen_video":"uploads/home2-05.jpg"},"model":"contenido.pagina_principal","pk":1}]